,comment text,toxic,score,contains toxic keywords
0,hello everyone im just here to tell you that youre all freaks,yes,0.62136006,2
1,  to be blunt so what  what does that have to do with improving the article   ,no,0.104795754,1
2,agreed moreover the recent additions place an undue emphasis on arguments in court briefs much of which will become far less salient after the supreme court actually decides the case in a few months ‚Äì  ¬∑,no,0.021314176,0
3,thank you for your suggestion when you feel an article needs improvement please feel free to make those changes  wikipedia is a wiki so anyone can edit almost any article by simply following the  link at the top the wikipedia community encourages you to be bold in updating pages dont worry too much about making honest mistakes ‚Äî theyre likely to be found and corrected quickly if youre not sure how editing works check out how to edit a page or use the sandbox to try out your editing skills  new contributors are always welcome you dont even need to log in although there are many reasons why you might want to,no,0.028385026,6
4,  i am not asking that the article itself draw any conclusions and the rest of your remarks are exactly the kind of synthesis that i desire my remarks are meant to move us past the conflict on the talk page our sources are of course the verifiable secondary sources and we are not to do original research as ctswynekan has said wikipedia is a tertiary source frankly its enough for me that the various christian views are presented fairly and accurately the various jewish views are presented fairly and accurately the various historical views whether by specialists or nonspecialists are presented fairly and accurately and all other views are presented fairly and accurately all should be given the appropriate weight and context that is enough of a synthesis for me   but we all have our subjective views and many of our views have clashed hence we have been bogged down in one paragraph for far too long what bothers me is the binary thinking evidenced by some many not all which has polarized the debate we should also of course be sure not to confuse our various subjective viewpoints with the objective actual verifiable and factual as someone once said so in the end i essentially agree with you my remarks on thesisantithesissynthesis and the rest have to do with the debate on this page not with the article itself i want us to move past conflict so we can examine the verifiable sources and put aside our own views while still making sure that we any we are accurately represented as are the views of others to paraphrase ross perot everybody stop fighting and get to work if youll check youll notice that ive done very little work on the article itself most of my efforts have been focused on the talk page  npov when we reach it will be a synthesis accurately reporting the views of all and referenced to the appropriate verifiable sourcesthat said i have been as frustrated as anyone else and needed to vent my spleen which perhaps presented my pov more strongly than i have in the past does that make it trinary my spleen has been vented my comments will remain on my user page at least until we formulate a second paragraph that does exactly as you say and is accepted by all it may go back if we run into further unresolved conflict  my claim that it is a conundrum alludes to how the issue of historicity is handled at socrates where any debate has been much more peaceful and civilized    ,no,0.19504376,9
5,please stop your disruptive editing if you continue to vandalize wikipedia as you did at warwick school you will be blocked from editing,no,0.25462922,5
6, so i propose merging african bush elephant into african savanna elephant,yes,0.4013387,0
7, a question   i dont understand how they play why they play only 34 games when there are 20 teams  19 x 2  38 games  portland timbers played 3 teams with la galaxy how   maybe someone can explain to me,no,0.01834645,0
8,rob i actually like having you around for no other reason than you have a different pov from those with a christian perspective  however i also find you to be overly disruptive  yes i understand as well as everyone else your position that factual evidence does not exist  yes we understand that there are scholars that support that position  no they are not the majority  they are not even a significant minority  they are a very small group that contends jesus did not exist  you have registered your pov and we are aware of it  i ask that you now move on and address the article as a whole and accept that your position has already been accounted for in the article  when you fight so hard and become so obstinate you lose the respect of your fellow editors and your pov is shut out almost completely  you have become a source of conflict and contention  please recognize that your current methods are not working  find another way to interact with your fellow editors so that your pov is at least a chance of being heard,no,0.24442963,5
9,um that is your opinion i belive dbz tenchaichi 3 and the last of the original bodikai for the ps2 bodikai 3 is just as good as virtua fighter tekken doa and other well known fighting games so come into reality and notice that everything you think is fact that is just base on what you think is highly unimpaortant and is mediocre in the eyes of others that actually do research on the subject you havent even stated anything about the game itself you just started of by saying thats a crappy series or its not any good lol anyway even if you did your research with hardcore evidence that say these games suck huge balls or is poo and the games are a craptistic series and user sabishi kage is indeed a suck up and a yes man that is not neaded here on wikipedia and also if you two are going to start an edit war over something that is not even related to this article and is childish as kim kusanagi paragraph maybe you to should exchange your yahoo user names or myspace user names or whatever to argue but not here on this disscussion page and kim kusanagi when you screw things up you deserved to be bashed and even physically punishedwow you need therapy about child hood realated issues buddy mabey its because of your dad your mom or possibly your grandfather beating on you that is obviously some words said by someone that needs help mentaly most likely due to incidents done when you were a child i mean who say or even type something like that you have only added a useless sentence to this page until you came up with this paragraph that shows you have anger issues you used to get beaten on and you belive what you say goes without any research more clearly without say get your facts straight lol   ,yes,0.39231625,13
10,no sandstein it is not derogatory just because it is not your viewpoint does not change the fact that it is factual if it wasnt the terminology would not exist so get your facts straight before you comment on anything,no,0.06500591,0
11, if the photo is deleted another troll or the same one will simply put it back   unfortunaly trolls are everywhere we just have to be pantient and follow wikipedia policies and etiquete ,yes,0.36456755,2
12,but right now the book is more notable the film isnt out yet,no,0.019100413,2
13,we hate america and we are going to bomb the shit out of there cities quezas will rain,yes,0.8629672,2
14, bold textyou suck     u suck hannah montana,yes,0.89241093,2
15,redirect talkthe amazing race 20,no,0.051563308,0
16,moi ego i am mortified that you could say such a thing  poor old mona i always thiught she was a miserable looking woman  probably hormonal,yes,0.48141238,3
17,  the point is that strains and breeds are not social concepts they are the result of selective breeding in plants and animals very different from the human concept of race  species even more so no human intervention at all but rather a function of biology  a 1966 source isnt going to work here and though  was well rather grumpy you did ask if you were being silly to suggest this and the answer is yes you are   ,yes,0.3811502,2
18,   the current gauntlet to be run   while  encourages us to be bold there are drawback in controversial articles  it helps to know who will tend to revert  based on archive 44 here is the list            more of a commentator than a reverter,no,0.045873325,3
19,unfortunately the site you took the text from suffers from really poor grammar and spelling,no,0.28548008,1
20, see axial tilt,no,0.04067813,1
21,  so on the tenth anniversary of 911 new york times columnist paul krugman delivered the odious piece of dribble ever on the attack  well at least since the last time he wrote about it the headline is quote the years of shame end quote and no its not directed at radical islam instead he targets america and the quote fake heroes krugman claims that the atrocity has been hijacked the sick word given that hes not actually talking about the real hijackers who killed some 3000 americans no hes referring to people like george bush and rudy giuliani who he thinks capitalized on the horrible crimes but the worst part at the end of this column the creep writes im not going to allow comments on the post for obvious reasons that obvious reason hes a coward i mean why else would you ban responses hes like a 10yearold boy crankcalling all of us only to hang up even before he hears a response hearing his shame for his own wickedness now i watch the memorial services and i feel sorrow for the families whose grief never really ends but since im lousy at emotional reflection i usually avoid it but at least i can summarize what many feel today in nine words go to hell paul krugman you bearded bitter buffoon,yes,0.3722269,7
22,  attention  this ip address  is registered to merrimack education center and is shared by multiple users comments left on this page may be received by other users of this ip and appear to be irrelevant caution should be used when blocking this ip or reverting its contributions without checking  if you are an unregistered user operating from this address note that this need not necessarily be the ip address of your machine in many cases it turns out to be the ip address of a proxy server that communicates between your browser and the wikimedia servers such proxies are shared among a huge number of users compared to the number of persons using your particular machine if you are frustrated by irrelevant comments appearing here you can avoid them by creating an account for yourself    ,no,0.07054565,4
23,that site is full of people gnashing their teeth over the fact that theyve been banned from wikipedia only a handful of the contributors there have routinely displayed well thought out and reasoned criticisms of wikipedia  i wouldnt include thekohser in said handful ,no,0.28425202,1
24,ufo university universiteti ufo  what is or was ufo university  apparently you can still see a billboard with this name on it in tirana and the ufo coffeehouse and other places take their name from it  what does the ufo stand for and what has become of it  thanks,no,0.028031485,2
25, well a very small portion of the dragovisticas watershed is in maceodnia the source of the brankovacka reka its tributary is on the border of serbia and macedonia and a small area not more than few square kilometers of its drainage area is within macedonia so i thought it should be noted however my map is detailed but old and it is possible that after corrections of the border in the 1990s the borderline leaves all of it within serbia which if you look at the map would be natural but if you think it is not important it can be omitted,no,0.04686289,3
26,   rexgermanus   greetings im a little concerned about  who is so unrepentant about reverting dutchlanguage 4 times in 26 hours that he has removed all talk his own those of other users admins about his 48hr block from his userpage with the edit summaries apparently wikipedia hasnt got it any more and remove shameful wikipedic punishment that seems to fall into the category of behavior that is unacceptable do you think its worth pursuing this further  ,no,0.24282593,8
27,  support i support the merge  ,no,0.01646154,0
28,cool thanks ill fix this  tom,no,0.02072494,0
29,   a barnstar for you    stylebackgroundcolor fdffe7 border 1px solid fceb92  rowspan2 styleverticalalign middle padding 5px    stylefontsize xlarge padding 3px 3px 0 3px height 15em  the barnstar of good humor    styleverticalalign middle padding 3px  for that fantastic userpagehehehe      ,no,0.04315203,2
30, anthony browne in political correctness   hello im contacting you because the anthony browne bit you added to the article political correctness was removed httpsenwikipediaorgwindexphptitlepoliticalcorrectnessdiff690760560oldid690751090  if you would like to have it stay then come to the talk page and state so httpsenwikipediaorgwikitalkpoliticalcorrectnesscivitasthinktankpamphlet  i for one am for it,no,0.019477395,5
31,simple you are stupid,yes,0.90451443,1
32,the only group the us is unambiguously supportive of is the kurds,no,0.112746716,1
33,   you have my trust but trust me on this checkuser work will just eat you up burn you out and i guarantee youll hate it seriously    ,yes,0.5559701,1
34,  blp  ive removed some contentious unsourced material per wpblp could the editors who want to add this please cite some reliable sources here on talk ive also semiprotected because the material was restored by an anon ip many thanks   ,no,0.03357032,1
35,   a little late but   andy i just noticed this  i feel you should know that sledge did not delete your comment i did your post was not appropriate anywhere on wikipedia even addressed to a troll or idiot   ,yes,0.5716857,3
36, and isep is incresing in prestige even more you should know porto better and from were many big fish studied what a stupid conversation again,yes,0.60311776,4
37,great,no,0.023317585,0
38, islam and slavery   is wikipediaarticles for deletionislam and slavery  would you care to vote thx,yes,0.44573322,2
39,  we dont include honnorifics outside the intitial mention in the blp of the person  it is clearly being used here to puff up the claim made by krugman and it doesnt help that krugman has turned from economist to partisan commentator over the past few years  furthermore once you start including the honorrific titles of some you have include them for all  after your contentious discussion regarding conservative above i would have thought you had come to some rational level of thought  why should we not label krugman a liberal since he calls himself that and it is a dominant aspect of his opinion    ,no,0.1641865,1
40,   sleeper woody allen film   in view of its creator and star woody allen the movie sleeper is satire of trends of the 1970s placed in a futuristic setting im giving as an anachronism a reference to a historical event the abandonment of clerical celibacy by the roman catholic church in which a character finds a 1990 newspaper that refers to the wife of the pope having children such would not happen for at least 24 years after the time suggested in the newspaper    nobody says that this movie is orthodox science fiction note that tobacco and junk food have been found wholesome and organic foods have been found harmful in an orwellian world but a reference to a 1990 event that is shown to be impossible because a prediction of an institutional change that does not happen for a significant time later becomes an anachronism after 1991   ,no,0.10739898,3
41,referenced content removed too  moonriddengirl decided to remove information cited to secondary news sources removing the sources   too this is all going a bit too far in my view and id normally consider myself a deletionist,no,0.10870059,0
42, jjjjjjjjjjjjjjjjjjjjj   caguei aqui hihi,no,,0
43,  i think the i is lowercase wikipedia capitalised the i most likely  ,no,0.09033044,1
44, ill be there   ,no,0.025203144,0
45,i cant help but agree with you on both of the above points a live link properly cited referenceit goes in the pov is that its a fact,no,0.028856417,0
46,jack dion really bikes karly so much he wants to do a jamiw on her,yes,0.37751234,1
47, utc   and i strongly agree we know nothing because pots regrettably cannot speak up to now and let me cancel   one more sentence critics of these efforts object to the potential circularity of the logical basis since kloekhorst and kortlandt are both members of the leiden school of indoeuropean linguistics and often write mutually supportive works because writing mutually supportive works may but must not necessarily imply circularity   0808 19 november 2012,no,0.10696511,0
48, incorrect information about bury lawn school     bury lawn school was not founded by rennee soskin in 1970 as stated in your history section  bury lawn school was founded in the spring of 1940 by miss iris aylward michell and miss katharine myrtle michell as in depth research and webber independent school will verify the school was sold in 1970 and continued to be run from the same address bury lawn union street newport pagnell until 1987 when it was moved to milton keynes where in 20102011 the name was changed to webber independent school  a k michell,no,0.051563308,3
49,you can keep reverting me to push your wpundue viewpoints til i take it to wpblpn if you want i wont discuss it any longer   üóΩ,no,0.23415339,2
50,what the hell are you doing,yes,0.6544696,1
51,   thanks   hi pburka you dont know me but i just wanted to say thank you for this comment you made at anew regarding 155blues edit warring report against me for edits on my own talk page believe it or not she also reported my supposed edit warring at the vandalism noticeboard which of course was quickly dumped she has apparently been educated several times about what vandalism is but she continues to falsely accuse and report other editors of it and she ignored me when i educated her about wp3rr and wpnot3rr i see that she also issued you a bogus warning just above this thread without a signature yet again she doesnt know the difference between wpprod and wpafd which doesnt surprise me because she warned me about moving a warning  on my own talk page no less  that was actually a template the most concerning issue though is that she only has 300 or so edits  most of them in the past four months  and has shown a pattern of of rashly issuing warnings to and filing reports at various noticeboards about editors even very experienced ones like yourself this pattern of hers seems to indicate that she prefers to go straight to noticeboards instead of having proper discussions with editors first even though some of the editors are vastly more experienced than her and the allegations are flawed anyway just wanted to say thanks for the very onpoint comment you made   ,no,0.30854854,9
52, i rule u drule  lol   mediaexampleoggsfdgfanfui4ncdrrnrfkldlczskuf     43444 67829045871435894n  ffdkasflrewcsor vsporjcsoiejfnmdkifnsmmdifnrkv9rm40tmf04 43kf v jjfgjakfajdf    fjaflasdjfhaksdfhaehflkdkhfdlkahfuhfwehfiuyflewafuhyuifhefuyyyfyfyfyfyfyfyyfyfyfyfyfyfyfyyyyyyyyyyyyyyyyyyyyyyyyyyyyyyyyyyyyyyyyyyyyyyyaaaaaaaaaaaaaaaaaauipadfk4jshdjfhrejdbold textitalic textlink titlegggggggggggginsert nonformatted text heremediaexampleoggmediaexampleogglink titlelink titlelink titleitalic textbold textggbold text,no,0.30993456,1
53,image source  thank you for uploading imagehp57ajpg its copyright status is unclear so it may have to be deleted please leave a note on the image page about the source of the image thank you,no,0.023671126,2
54,   a quick favour   is there any chance you could do a quick source check for lbw noone has asked for one but it is perhaps better to make sure all the boxes are ticked no problem if you dont have time and good to see cricketer on the front page   ,no,0.04711028,3
55,  wow they are sooooooo similar more similar than the bulgarian and hungarian flag or the greek and british east india flag this is soooo interesting please add this to the article so that human knowledge can be further enriched  ,no,0.08716487,2
56,can somebody please change the thrid placed teams qualifying to the 3rd qualifying round as it is not the playoff round look ar at the 1415 champions league if you want proof and the 1213 ligue 1,no,0.013697007,0
57,you might notice that theres been some discussion of the topic above,no,0.0201057,0
58, gay   hes gay too it should be noted that he has a male partner,yes,0.5532103,1
59,remove the h from the balcony and load his sportscar onto a flatbed truck,yes,0.37576625,0
60,i am not joking,no,0.036162965,0
61,being drunk made gibson say what he really believes the little freak is a nazi like his father and i hope he dies of lung cancer soon,yes,0.7761081,6
62,   idsa campaign   the article mentions some campaign stating as a result those with the resources begin dumping neogeo roms as fast as they can get their hands on them which only adds fuel to the idsa campaigns fire the idsa isnt mentioned anywhere else in the article and no link is provided to explain who they are also the verb tenses in the content around this sentence are all in the present form begin instead of began can instead of could leading me to think this section may have been plagiarized  anybody have any insight   ,no,0.112746716,2
63, a simple exercise,no,0.022728346,0
64,on you statementthe current government of china is equally guilty i agree with you whole heartly my view or opinion or whatever you called you can see clearly on editions i contributed on 2008 chinese milk scandal put it this way i never did like communists,no,0.25462922,3
65,   please do not vandalize pages as you did with this edit to indigenous language if you continue to do so you will be blocked from editing   ,no,0.200795,4
66,i have merged the articles hopefully few people will disagree with the edit under trivia thats what it is for windows 95 anyway oh and thanks to schmuckythecat for pointing out that its oobe thus being in the oobe folder    ,no,0.15987846,3
67,  reply  thanks for the comment look at evans pg 2 for an example of the two being connected under the banner of optimism also i am not sure i understand your argument doesnt suggesting that the specific words nuclear optimism must appear in every reference would violate wpnad isnt that like saying that if a book only talks about cars then it is inappropriate to use as a reference for automobile and regardless why would this imply deletion rather than one of the other options  thanks again   ,no,0.038991302,3
68,a few questions that need resolving regarding this article  1 why the inclusion of the actions of individuals surely the point of corporate behaviour is that it is the action of a corporation in itself although these actions may not always be the intended ourcome of any individuals involved furthermore whilst the effects of corporate behaviour on individuals may be a useful sociological side effect i do not see this as central to the issue of corporate behaviour  2 i think an explicit division needs to be made between businesscapitalist corporations and noncapitalist corporations ngos charities etc as i think the proposed rules of corporate behaviour can only be seen to apply to capitalist corporations  if noone disagrees with this would people like me to attempt these changes removal of references to indiviudals creation of distinction between business and nonbusiness coporations  muppet317 121205,no,0.030977672,3
69,born carissarae manalang artificio birthday on the 16071997 loves to model sing act and dance   born and currently lives in england london parents are both from the philippines   im a huge fan of twilight and all the vampire and werewolf stuffim also a fan of ndubz tynisha keli and nicole scherzinger  attended our lady of grace rc primary school and is currently attending stursulas humanities college school for girls  loves to watch fireworks and movies enjoys being around her friends and family escpecially at parties  ,no,0.081625134,2
70,hey shithead stop vandilizing articles,yes,0.8696708,3
71,random u here just wanted to let everyone know that this entire deal is pathetic and i hope everyone who banned fearofreprisal from making correct edits to your insane and ignorant cause lose their editing privileges,yes,0.5972042,3
72,not very happy with this lot either temporary highpoint ii here,no,0.03592727,0
73,  i think the motd is a waste of time  ,no,0.3127066,1
74,the issue is not whether the conspiracy theory has validity but that it was being talked about thats the point of the strib reference  ,no,0.056263726,0
75,red tape bureaucracy corruption political corruption bribery extortion graft money laundering all are part and parcel of religon,yes,0.36095104,0
76,japanonly media  eaglestorm and dandy sephy  as per wpmosam this section can include as appropriate separate subsections for information on the original version of the work as well as any related anime seriesovas manga novels movies video games and other media such as soundtracks and drama cds  these sections should in general include the original release  broadcast information as applicable and english license and release  broadcast information    as per wpnpov i am not attempting to remove the information that you feel is unimportant  ,no,0.04166769,2
77, freeway 2   definitely one of the most difficult movies to watch  necrophilia crack guns lesbians a crazy cult bondage bulimia prostitution you name it this movies got it  oddly compelling sometimes unintentionally funny and altogether disturbing,yes,0.50503236,2
78, his paternal greatgreatgrandmother was a fullblooded cherokee,yes,0.47473195,0
79,why is this linked to birmingham when it is pretty obviously in dublin,no,0.024731753,0
80,imdb never actually stated tammy windsor and karyn kupcinet were the same person strangely enough they were two separate entries that didnt connect one to the other and at some point they were merged my guess is someone emailed imdb and claimed they were the same person and imdb merged the two regardless the statement is always something that bugged me and i agree that it should be removed once we get to that section,no,0.07845957,1
81,vivek is a bad boy   btech graduate,yes,0.42129645,1
82,someone keeps editing this page and changing the track list i have the correct track list up ther eand i put sources and everything so sop changing it unless you can source it,no,0.09525062,2
83, ps2 version   i want the japanese guy to upgrade the ps2 to playstation 2 hidephinition i want him to fight back xbox 360 and my ps2 version will never give up this game may or may not be the best but we may have to find out  29 july 2006,no,0.103060275,1
84,oppose it doesnt hurt to mention bach some searching for just french suites will find the same,no,0.03015274,0
85,glen waverley secondary college  thanks for you great work in revising this page,no,0.009675868,1
86,  you sure did  merry christmas   styleborder 1px solid gray backgroundcolor fdffe7  rowspan2 valignmiddle    rowspan2   stylefontsize xlarge padding 0 verticalalign middle height 11em  the original barnstar    styleverticalalign middle bordertop 1px solid gray  for exceptional diligence in new page patrolling and the marking of vandalism for deletion it is my pleasure this day to bestow an original barnstar on newt winkler  thanks for your help     ,no,0.10045706,4
87,or did you mean amn  aman   ,no,0.03639866,1
88,i dont understand this at all laodah you put invisible markup in text thinking that this will prevent someone from changing it guess what bbb just did no there is no policy i think that says you cant do exactly what you were doing but we do have policies against disruption we also have a guideline on editors with a conflict of interestyour use of the first person plural suggests that you do,no,0.11398677,1
89,i refuse to be bullied sorry where did masem and jacobite break down my edits again a conspiracy againt me i was merely commenting on their behaviour i reached out to fluff because he seems helpful more experienced as an admin and went through the same thing with you,no,0.25462922,2
90,kinseys methods are called into question by some but the impact of his study is actually listed by a few sources as a groundbreaking change in perception about sexuality and i seriously considered including it in the article hookers study specifically asked men about their own selfsatisfaction and happiness i get your point  at least i think i do but hookers work is cited regularly as the beginning of a change in ideas about homosexuality im reflecting hookers work with due weight since it is mentioned by the sources i read ill be happy to take ideas about wording and syntax though,no,0.3389984,4
91,thank god im an atheist      ,no,0.06025757,0
92,this message is regarding the page original position please refrain from adding nonsense to wikipedia  it is considered vandalism  if you would like to experiment use the sandbox,no,0.17458448,4
93,  alright thank you ¬†‚Äî¬†¬†  ,no,0.0073197307,1
94,i removed the section richestbest educated zip code  i didnt understand what it meant how can waban be the richestbest educated zip code without being the richest  also how do we define best educated  i looked at the census data for 02468 and there are lots of statistics that might mean best educated largest fraction with bachelors degrees smallest fraction of high school dropouts etc    id be glad to see this section come back if someone could sharpen it to some verifiable fact and provide a reference  it would be very interesting if it were true that for instance waban has a higher fraction of people with graduate degrees than any other zip code    the census bureau page for waban is at  httpfactfindercensusgovservletqttablebmygeoid86000us02468qrnamedec2000sf3udp2dsnamedec2000sf3ulangensseon   ,no,0.044636376,4
95,where i feel like a man instead of an idiot,yes,0.6667219,2
96,an alternative to spamming talk pages  actually wprm is on my watchlist  a less antisocial alternative to spamming some thirty user talk pages as you appear to have done also one that is less likely to get you accused of trying to stack a vote is to place a notice on the hot topic watchlist ,no,0.15048122,1
97, jkdqpoiwjfijejj   fjoehoiklwlwllwlofiikekekkeiekekkejoikwjojfkjejoidjlakjkdjo dont use wikipedia it is evil leoijcjwflejfoijsljlkfjoiewjjeijwsiofujeoiwjfkldsjlkjfieisaoajfejoijidieljfiejaieeieilddosjflajoakjehfoijjejojoifheia,no,,2
98,as pointed out on math overflow httpmathoverflownetquestions11774differencebetweenequivalencerelationsonalgebraiccycles the definition of algebraic equivalence is not correct,no,0.020960633,0
99,thank you for understanding i think very highly of you and would not revert without discussion,no,0.017089844,1
100,dear god this site is horrible,yes,0.40336934,0
101, somebody will invariably try to add religion  really  you mean the way people have invariably kept adding religion to the samuel beckett infobox  and why do you bother bringing up the longdead completely nonexistent influences issue  youre just flailing making up crap on the fly   for comparison the only explicit acknowledgement in the entire amos oz article that he is personally jewish is in the categories     ,yes,0.4269174,5
102,  it says it right there that it is a type the type of institution is needed in this case because there are three levels of suny schools  university centers and doctoral granting institutions  state colleges  community colleges  it is needed in this case to clarify that ub is a suny center it says it even in binghamton university university at albany state university of new york and stony brook university stop trying to say its not because i am totally right in this case,no,0.0466155,3
103,   before adding a new product to the list make sure its relevant   before adding a new product to the list make sure it has a wikipedia entry already proving its relevance and giving the reader the possibility to read more about it  otherwise it could be subject to deletion see this articles revision history,no,0.031331215,4
104,this other one from 1897,no,0.025910228,0
105, reason for banning throwing   this article needs a section on why throwing is banned at the moment to a noncricket fan it seems kind of arbitrary,no,0.08716487,2
106,blocked from editing wikipedia   ,no,0.103928015,3
107, arabs are committing genocide in iraq but no protests in europe   may europe also burn in hell,yes,0.6989911,1
108,please stop if you continue to vandalize wikipedia as you did to homosexuality you will be blocked from editing,yes,0.37751234,7
109,redslash cut it short if you have sources stating the rok is sovereign post them otherwise please aknowledge wp is not the place to make or,no,0.11067997,0
110,            jews are not a race because you can only get it from your mother your own mention of ethiopian jews not testing            as jews proves it is not as well as the fact that we accept converts,yes,0.45703048,0
111,if ollie or others think that one list of the oldest people we know about is too long the easy answer is to raise the cutoff age 110 is purely a round number and a full 12 years shorter then the record we can make it the top 1000 or top 500 or everyone above 115  tell us what the maximum list size is and we can set a threshold,no,0.01438814,3
112,professors to the manhatten project,no,0.020607091,1
113,  not sure whether this is notable enough to be mentioned in the article but youre right ‚Äì versions later than 6 2001 can open files created by all previous versions but save files only in its own format with a suffix of msx where x is the version number 7 8 9 10 11 12 this is intentional of course besides all versions but 7 save files in a compressed format ‚ò≠ÂÖ±‰∫ß‰∏ª‰πâ‰∏áÂ≤Å‚òÖ ,no,0.09568449,2
114,ÏùºÏù¥ÏÇºÏÇ¨Ïò§Ïú°Ïπ†ÌåîÍµ¨ÌïòÍ≥†Ïã≠Ïù¥Ïöî ÏóêÌó§Ìó§ ÏúºÌó§ ÏúºÌó§ ÏúºÌóàÌóà,no,0.043646812,0
115,  balance  this page has one sentence about the basic definition of the word and a huge amount about the slangprofane uses perhaps the former should be extended is there no information about female dogs available beyond their name this is an encyclopaedia not a dictionary     i feel that whoever is looking this definition up is very appropiate and should be deleted from wikipediaimmediatly this word is used very often and is also a very mean word i belive that is majorly true very much so okay so the good meaning is a female dog  bitch it also stands for the name brittany fellows‚Äîpreceding unsigned comment added by   ‚Ä¢     etymology  the word bitch is from the old norse bikkjuna meaning female of the dog of unknown origin grimm derives the old norse words from lapp pittja but oed notes that the converse is equally possible  the adj bitchy was first seen in 1925   the verb meaning to complain in 1930  slang bitchen good is attested to the 1950s   reclaiming the word bitch   the word bitch is actually only offencive in american and canadian english in most other english variants bitch maintains its correct definition  female canine people have argued that bitch is different because it is used as an insult  but so is pig dog cow and others these are not considered profane so why is bitch as far as i am concerned there is nothing to reclaim as bitch simply means a female canine  it may be used as a pejorative or descriptor  that does not make it a profanity      it should definately say something about kyle vanderweilen and all his bitchin is there any particular evidence of women reclaiming the word bitch in the 90s can anyone point to articles on this etc the song is definitely interesting and belongs here but doesnt actually reclaim the word bitch any more than it reclaims the word sinner  also i dont really understand the last paragraph and it sucks  i was going to try and clear it up but i realized i dont know what it means can someone point to a source that lays out the argument about bitches fertility and patriarchy more clearly   we dont need articles at all as i there are definitely enough examples even outside of the 90s missy elliot cleary and repeatedly reclaims the word for instance shes a bitch    references are fine  just the name missy elliot got me to find a quote of a rolling stone review that mentioned reclaiming the word in fact if some one knows more about her it might be interesting to add a section on her work and on how it relates to womenslurs more generally within hiphop    how relevant is this reclamation it seems to me poison for a woman to use an epithet which still strongly connotes despised traits i dont see how using a word connoting querolous spiteful and malicious can be empowering but i dont know lifes a bitch    it stems from a reaction to the prevalence of tagging any woman who doesnt adhere to a certain standard of femininity as a bitch to use a literary example in the novel the handmaids tale the narrator related the feeling that whenever she outsmarted a man she could almost hear him calling her a bitch in his mind even her own husband     that literary reaction you recited is jealousy men have names for other men who outsmart them too but not having a word like bitch for them they have to resort to a greater variety of pejoritive epithets though you havent been specific i think that standard of femininity you referred to is a pretext for subordination which both sexes often strive to impose on the other but men have traditionally had more power because it is such a popular epithet in slang the connotations of bitch are diffuse though still commonly pernicious i think bitch in itself is not chiefly a denunciation to punish women who do not conform to that standard but rather a contemptuous word often used for it  however i still dont see the point of reclamati,no,0.15600902,16
116,redirect talkmi vida eres t√∫,no,0.040925518,0
117,  im not convinced that he was blind where is this documented its possible that he was just what wed call legally blind ie didnt have great vision and that the name blind blake is an exaggerated moniker although i have no proof ive got a feeling that him being legally blind is more likely than totally blind of course ive got no evidence to back that thing up,no,0.12260055,1
118,   ref ss ponzi scheme   hi padillah  it is not my opinion that i am trying to impose here although it may appear to be so i am just highlighting the fact that it remains controversial whether it is or isnt a ponzi scheme even if a legal one so you cannot state as a fact that it is not a ponzi scheme i saw the reference and the perpetrator itself cannot be treated as a reliable source in fact claiming it is not a ponzi scheme seems to be an opinion in itself my point is that a claim should not be made either way and the edit in question just accomplishes that   thank you  virat,no,0.081625134,2
119, september 20th truce   according to several news sources a truce was reached in minsk last night httpwwwbbccomnewsworldeurope29290246,no,0.09351514,1
120,id never think id need to say it but wikipedia isnt a fansite discussion board if anything is unannounced by any authority it might as well be false mmorpgs are overrated,no,0.20973456,4
121,but this is not the article about government position but about the reaction add positions to 2008 kosovo declaration of independence or foreign relations of kosovo,no,0.015644746,1
122, draculas grandmother     draculas grandmother was a bulgarian princess the sister of ivan sratzimir the links with the lands across the danube remain largely unexamined i would appreciate any serious contributions  kaloyan,no,0.08004235,0
123,i agree with billfruge the author describes the unverifiable nature of the two competing etymology theories sufficiently well so as not to mislead any reader renders an opinion as to which of the two is more likely and it is clear that this is the authors opinion and presents the reader with the opportunity to accept either or neither of the two,no,0.016838523,1
124,i will burn you to hell if you revoke my talk page access,yes,0.9248995,2
125, can you work your magic   hi  i was wondring if you had time to help out with wikipediafeatured article candidatesw e b du boisarchive1  any input would be appreciated  a quick scan or a full review  ive noticed your work before and i respect your skills thanks,no,0.015644746,4
126,puwersa ng masa,no,,0
127,  there are now four references including britannica giving the correct date which is getting silly you complain in your edit summary that you cant find them so ive added quotes to two to help you out after that youre on your own wpsourceaccess has more on this im happy to concede that britannica alone mentions the date you offer but without explaining the context so thats one of the sources ive expanded with a quote specifically mentioning 23 august   russian wikipedia has 23 –∞–≤–≥—É—Å—Ç–∞ —Å–∏–ª—ã 14–≥–æ —Ç–∞–Ω–∫–æ–≤–æ–≥–æ –∫–æ—Ä–ø—É—Å–∞ –∞—Ä–º–∏–∏ –ø–∞—É–ª—é—Å–∞ –≤—ã—à–ª–∏ –∫ –≤–æ–ª–≥–µ —Å–µ–≤–µ—Ä–Ω–µ–µ —Å—Ç–∞–ª–∏–Ω–≥—Ä–∞–¥–∞  august 23 forces of the 14th tank corps army of paulus reached the volga north of stalingrad cited from the war diary of colonelgeneral franz haider     ,no,0.20973456,1
128,redirect talkkemps thicket rat,yes,0.39441586,0
129,see also    httparxivorgabshepph0009204,no,0.025910228,1
130,may 2010    please stop if you continue to delete or edit legitimate talk page comments as you did at talkdeepwater horizon oil spill you may be blocked for vandalism       if this is a shared ip address and you didnt make the edit consider creating an account for yourself so you can avoid further irrelevant notices,no,0.15490346,6
131, brandonyusoftoropov has requested mediation over a conflict with you   ed userbrandonyusoftoropovbrandonyusoftoropov has requested mediation over a conflict with you i am willing to mediate the dispute do you accept if so please end me an email at pgunndachteorg,no,0.051563308,0
132,  that is ridiculous unless theres a good and nondisingenuous response i would absolutely agree with you blocking indef outright falsifying sources should simply never be tolerated   ,yes,0.37751234,3
133,how dare you vandalize that page about the hms beagle dont vandalize again demon,yes,0.57271194,2
134,aapn bhtla aanand jhala,no,,0
135,no he is an arrogant self serving immature idiot get it right,yes,0.8696708,2
136,thanks for the comment about wikidefenderness i like that one i usually wikiling wikidefender i agree that at first he was somewhat innocent but now have my doubts as he is being really agressive about the whole matter,no,0.11078331,1
137,it might not have been your intention but your recent edit removed content from  please be careful not to remove content from wikipedia without a valid reason which you should specify in the edit summary or on the articles talk page take a look at our welcome page to learn more about contributing to this encyclopedia thank you  a link to the edit i have reverted can be found here link if you believe this edit should not have been reverted please contact me  suggestions,no,0.029092113,4
138,agree but thats not the issue the queston is in everyday english does first amendent refer primarily to the us constitution or is it ambiguous my belief remains that even fifth amendment is ambiguous and first amendment even more so      ,no,0.039462693,2
139,   main towns that are not so main   i know that you love to write a one sentence article but if you want to do that please at least do it properly stop saying x is a main town in y z what is so main about obscure towns   ,no,0.10870059,3
140,   halliday   good to see another contributor to his article if sfl is your thing you might consider joining the wikipediawikiprojectlinguisticssflsfl taskforce thanks   ,no,0.0137598375,3
141,   that stephen barrett is not board certified is not a viewpoint it is a fact a well documented one at that i dont see how wpprominence applies    ,no,0.043646812,1
142,could you do a precis of the material instead of just downloading a whole lot of stuff from somewhere else on the internet i am only one editor here but i do feel that the material you have provided could be cut down to fit the format of this article more info could be provided in a seperate wikipedia article if necessary,no,0.038519915,2
143,   cloud feedback   why is cloud feedback only under the positive feedbacks just about any paper states that it can be both that the ipcc states that it is more likely a positive than a negative feedback doesnt change that   ,no,0.030034892,0
144,avg plenty of greeks love the king stop acting like all greeks hate him you just parrot what the government tells us via their media we greeks asked george i to be our king we supported them they reclaimed much of our lands we voted to keep them numerous times in the 1930s by 97 vote  also he tried to overthrow the dictators read a book the greek government is the biggest liars the us didnt want us to have our king and our claim to constantinopleasia minor he is a direct descendant of five greek imperial byzantine dynasties monomachos comnenos laskaris angelos and paleologos,yes,0.36456755,5
145,this is a redirect discussion page please do not leave article related discussion here  please go to the articles discussion page,no,0.027324399,2
146, second issue   im thinking we need a taxonomy section there are things that arent really as clear as they maybe could be why iswhat specific findings about the fossils places r narmadensis in the subfamily carnotaurinae why princely lizard of the narmada is that significant as to the staturebehaviorpredatorial prowess of r narmadensis if there is anything more precise on its taxonomy such as that it would be great to add,no,0.041172907,1
147,redirects  „Éà„É¨„Ç§„É≥„Éª„Éà„É¨„Ç§„É≥ „Éà„É¨„Ç§„É≥ „Éà„É¨„Ç§„É≥ „Éà„É¨„Ç§„É≥„Éà„É¨„Ç§„É≥ „Éà„É¨„Ç§„É≥„Éà„É¨„Ç§„É≥ „Éà„É¨„Ç§„É≥„Éà„É¨„Ç§„É≥ „Éà„É¨„Ç§„É≥„Éà„É¨„Ç§„É≥ „Éà„É¨„Ç§„É≥ „Éà„É¨„Ç§„É≥ „Éà„É¨„Ç£„É≥‚òÜ„Éà„É¨„Ç£„É≥ torein„Éªtorein torein torein toreintorein toreintorein toreintorein torein torein torein‚òÜtorein train„Éªtrain train‚òÜtrain „Éà„É¨„Ç§„É≥‚Äî„Éà„É¨„Ç§„É≥ torein‚Äîtorein train‚Äîtrain „Éà„É¨„Ç§„É≥‚Äì„Éà„É¨„Ç§„É≥ torein‚Äìtorein train‚Äìtrain  should redirect here,no,0.0109324735,0
148,ÿßŸÑÿ≥ŸÑÿßŸÖ ÿπŸÑŸäŸÉŸÖ Ÿà ÿ±ÿ≠ŸÖÿ© ÿßŸÑŸÑŸá Ÿà ÿ®ÿ±ŸÉÿßÿ™Ÿá ÿßŸÑÿß ÿßŸÑÿ¨ŸÖŸäÿπ  ÿ™ŸÅÿ∂ŸÑŸàÿß ÿ¨ŸÖŸäÿπÿß,no,0.022846194,0
149,    another priceless gem from yourself demonstrating your general cluelessness the fuse rating and therefore the plug rating in the case of a nonrewireable plug is determined by the cable attached not the appliance it will be used with where on earth did you dig that nonsense up from there are plenty of good examples around but medium to large switch mode power supplies are often supplied with nominally 3 amp cable in a moulded on plug many with an iec 60320 c7 type plug rated by that standard at 25 amps according to you the plug should therefore be fitted with a 3 amp fuse determined by the cable if you did so you would never get any but the smallest power supplies running you have to fit a 5 amp fuse because the very large 40 amp momentary inrush current lasts long enough that it will blow a 3 amp fuse the cable and plug can retain their original ratings because the inrush current will not harm them the rating of the fuse is determined by much much more than the cable size alone indeed the type of power supply that is built into a plug usually has no fuse at all   1717,yes,0.38601747,4
150,this is just bizarre ani medjools abuse of wikipedia rules gets rewarded and then he awards you a barnstar  wtf  anyhow a new person adept at ridicule has joined in the conversation at falafel  sigh    ,yes,0.52811706,2
151,  firstly still making undiffable edits and refusing to use edit summaries is becoming a behavioural issue that will need to be escalated if it doesnt stop gun i really dont understand why you find it so hard to follow the basic standards of behaviour required to edit in a collaborative environment  secondly announcing changes on someones talk page doesnt really count as discussing them collaboratively rather it means you discussed it with me  furthermore i told you to go to the npov noticeboard to raise the state university vs university issue if you wanted to discuss the issue which you a failed to do b you removed the disputed tag from the article without a result as i suggested waiting until later c you made yet another diff which contained a large number of other unknown unknowable and undisucssed changes to the article    ,no,0.2667042,6
152,  name in the introductory paragraph  ive always been told that using dr  phd in the same name was incorrect as the phd automatically conferred the status of doctor   however im not sure what to do in this case  since he is so wellknown as dr martin luther king jr the normal approach of dropping dr and keeping phd doesnt seem to be the best answer even though its the one most style guides seem to endorse  would someone more intimately familliar with the article like to take a swing at changing it or suggesting an alternative   ,no,0.04290464,5
153, mrpainkiller neurophyte and jeanphilippe   after a complaint at intervention against vandalism i protected the article vampirefreakscom  it was either that or block all of you for disruption and personal attacks  i will unprotect the article in the morning  in the meantime please consider the following  reverting another users talk page is pretty rude  there is a policy conflict between the user talk page policy which says users can blank or archive warnings although archiving is preferred by the community and the vandalism policy which says that removing warnings given to you is vandalism  i dont agree with the vandalism point of view and i havent seen a lot of support for it lately except among people who are fighting amongst themselves for other reasons  if someone deletes a warning theyve obviously seen it  if you are concerned about someones edits use a verbose edit summary so that even if the warning is removed the edit summary will be visible  i understand there is a view among two of you that mrpainkiller7s edits are detrimental to the article  there are lots of right ways to deal with this including editing by consensus request for comment on the article or the user mediation and third opinion  im not going to judge the content but fighting wherever it occurs is the wrong way to deal with the problem  personal attacks are not to be tolerated  please deal with the content of edits not character   im leaving this message with each of you  if you keep fighting over talk pages i suppose i or another admin will eventually figure its time to block someone  unless you are positive that you are 100 right and the other guy is 100 wrong you should probably try and work this out peacefully in case the admins dont see things your way,no,0.27412915,13
154, hrthrtdghrsdtghtrsdhtrhdgthjrtgh   fffffffffffffffffffffffffffffffffffffffffffffffffffffffffffffffffffffffffffffhngviudfhgoiuerhgukfhkjgeruighervyfdohgobvijgfjgojfdhgjofhglkfhboerhgbdhoifdtyklerbhlkjhbdjgbojtgofgjrfjhlrkhilebotrjbh9jtrohibjrtlhujtyjunmoytijoryjhigfjhgfjnifgjgfhkljtgilhjfdojgfdojgfkjngfdlkjgnklfgikfvihgifbfhbgkufbdsukfgglkdhvureuhgiurhgh4irtgyrehgui4t7iryggoifhgo54oerygtjeiygut8gopfe8gig89fjhg9r8tyr8hygb7hruegfigust8g0r0retugrijtrir6tihviurhgnviurwtkcnguiergvknfgioerpjgklfupgrojgoirutkdhglrehgljkgyuorihfgiurwyhoug6y3oi4hg98w6u jtgnkjryt9jgoidug059jgiufd7teurjg98etujoijfgiosdug 0945ojtg0o8reuyjurfi ug945uj ygoip5uj5tgeoiu495ypw8y5urtg9ui8hui9g85w4mftmuv89tny0uvg8ytihguihfdkjvhu4krngkfdjs hgkjfghoeruygrhy goh tgoiugkiughgvhghghghhgghhghghghghghghghhhhhgtherkgheefjgsefdghh,yes,0.36867723,0
155, black mamba   itis ponious snake of the word and but it not kills many people but king cobra kills many people in india,yes,0.4269174,3
156,looks like this was an old issue so i took the liberty of removing it i dont see any difference between the nonspaced version and the spaced version now the spaced version just makes the intro look very strange,no,0.061444655,2
157,i just revamped wpfart i thought a little housekeeping would give it more street cred,no,0.1798404,1
158,does jp harris have anything to say about the ancre,no,0.04711028,1
159, dont feed the troll   responding with taunting is exactly the wrong way to respond  dont feed the troll  remove the post without comment or dont do anything at all,yes,0.42129645,1
160,  please accept my apologies  i interpreted your statement find a quote yourself or move it i dont care to mean that you thought the source could be removed instead of finding a quote  my mistake   ,no,0.1140901,0
161,while i tend to agree with all of this and am as slightly annoyed as anyone that we appear to have been blamed even though our article was accurate and respectful at all times and mr roth was treated with dignity and respect at all times its always in my nature to think about how we might do better in the future,no,0.032391842,2
162,i appreciate you asking royboy  my response may seem a lot less appreciative  it violates wpv  in a word it is tendentious just like the one thats been forced into the abortion article  it is still a pov pushing unsourced compromise with a small group and its meat puppets  even the medical definition is abbreviated and distorted as the result of the context suggesting death is part of the medically accepted definition of abortion  here‚Äôs yet another source to add to the ignored source list  the ‚Äò‚Äôoxford thesaurus‚Äô‚Äô  in all the entries that contain abortion death including its variants is not listed  the main entries include miscarriage monster prevention termination and veto  i think the only potential solution for this now is arbitration,no,0.19893374,4
163,  i just reread the sectioni have no idea why the section is labeled views of the faithful  the section has very little to do with mormon viewpoints and is a hodgepodge of critiques mixed with minor mormon viewpoints  it definitely needs work  however i still will like for your specific ideas so that they could be incorporated gmk   ,no,0.05898502,3
164,vandalism  hello barbara   it appears you have a long history of vandalism and after another incident i am afraid i have no choice but to request a permanent ban from administrators i wish you good luck for the future,no,0.26104406,5
165,all the other daps have similar links and no one has complained,no,0.08716487,0
166,also fwiw i nominated polyamorous people for deleting take a look and weigh in if you like,no,0.2786282,0
167,since you have no further defence of your unsubstantiated claims of unreliability or to your oversight of precise statements in the provided citations that israel indeed broke the ceasefire thus rendering your claim of editorialising refuted i will post a wp3o,no,0.18269104,0
168, hands off my noobs p   its not that im particularly concerned about the loss of  but did you really need to step in and hardblock there  i saw the test edits i saw the username that while not violating any particular part of policy managed to be an astoundingly bad choice of username anyway i responded to these issues with the warning i felt was appropriate feeling that the user could have a second chance under a less moronic username  yes i am more patient with newbies who screw up than you are we can each have our own approach to adminship but i dont unblock and warn noobs youve just hardblocked so how about you dont hardblock noobs ive just warned  and if this was just an oversight thats fine again it is unlikely that wikipedia will suffer from the loss of this user,yes,0.4421347,9
169,edjohnston you are wrong i did not file the report benhen1997 did you also did not block the other person but only one of the several ips they were using,no,0.1991664,3
170,what the hell    justin,yes,0.54823303,1
171,  weve gone through those more than enough contemporary scholars and their sources long ago and all those sources were in reality rejected see the archives and the discussions again per georgians scripts you cannot have that kind of wording because this is way too much controversial and disputed issue and everything concerning the georgian script or its origins should be based upon its main article you cannot claim a in one article and b in another so please leave out this edit warring and get aware those long discussions at the georgian scripts article it is a very complex issue and you cannot describe it in one sentence by bombarding it with some cherry picked sources  ,no,0.12867521,6
172,  to the individual who is so insistent to add all the future destinations take a look at wpnotcrystal while you may have reference sources to the information posted its just pure speculation and cannot be verified nothing is firmed except london   ,no,0.10045706,0
173,wpsoapbox wpforum etc please engage in your conspiratorial fantasies elsewhere,no,0.29405528,0
174,the specific page linked to is just junk in regards to our policies on sources  check it for yourself,yes,0.45757914,1
175,on february 21 2015,no,0.015204934,0
176,the rapcore article cites 15 sources which back up all information stated including the basics of the genre the only person who is evading anything is ridernyc who avoids any instance in which he would be forced to admit that he is wrong   ,no,0.11036996,2
177,just a community post isnt db2fss a first trimester screening a prenatal test aimed to detect diseases or conditions in a fetus or embryo,no,0.034277402,1
178,buffoon synonyms    bozo buffo clown comedian comic fool harlequin humorist idiot jerk jester joker merryandrew mime mimic mummer playboy prankster ridicule stooge wag wit zany,yes,0.5885171,1
179,     confusion upon globus   shouldnt we mention that professor posses a huge penis and im not joking it doesnt seem very apropriate given that it is a children series and thus i find it amusing and strange maybe its not important bit what about the once apon a time section i find it similar to be clear what am i talking about here is a picture httpi2photobucketcomalbumsy15odinchoyfserievie06gif globus is the man on the right side i mean this seriously    ,yes,0.45921504,6
180,eek but shes cute in an earthy kind of way cant sing for shit though thanks for giving me an unhappy memory,yes,0.6863638,1
181,found them he has already told us that the documents concern his registration of the name el marino as to whether these supposed documents say anything whatsoever about a newspaper published in 1917 i have no idea  but they arent a thirdparty source either way they are primarysource documents confirming his personal actions,no,0.024142517,5
182,  draga apparently means dear google translate yes i am able to understand almost every romance language at an intermediate level i never stated that i could speak romanian also i removed the babel list because i could not find a proper position for it as it took too much space and made my userpage long how is that any of your concern   ,no,0.11367676,4
183,wikimania  hello  were chatting right now at wikimania  pleased to meet you,no,0.024613906,3
184,thanks for experimenting with wikipedia your test worked and has been reverted or removed please use the sandbox for any other tests you want to do take a look at the welcome page if you would like to learn more about contributing to our encyclopedia thanks     comment moved from user page by  ,no,0.012440401,3
185,for all peoples living east of a certain line like the vistula because he distinguishes them from other large ethnic groups in the same area the fenni probably finnougric and the sarmatians themselves taking that together with jordanes,no,0.10739898,0
186,  ps imho this all falls under the category created by  on her talk page which she appropriately refers to as loopy talk page discussionsscoldings  ,no,0.11119666,2
187,redirect talkponhook lake 10,no,0.015204934,0
188,  use of nepal bhasa  the term nepal bhasa is used in english officially as well as commonly here are some examples and facts about its use   google ngram search shows that nepal bhasha has exceeded the use of newar language here   government of nepal see picture of news about the governments stance is there in the page itself    nepal bhasa academy in its publications and awards   nepal bhasa parishad in its publications and awards   world newah organization examples of use in page 23 and 7   central department of nepal bhasa tribhuwan university the only university with curriculum in nepal bhasa news about scholarship in nepal bhasa   nepa pasa pucha americaye an example see page 9   pasa pucha guthi uk an example   rising nepal daily example   dharmodaya sabha the national buddhist organization of nepal the publications in the language are listed as nepal bhasa   asha archives the biggest archive of nepal bhasa literature website   journal of lumbini buddha dharma society example   journal of newar studies an example    archive of english essay about tipitaka translation project in nepal bhasa they have been publishing various segments of tipitaka in nepal bhasa   lotus research center activities in nepal bhasa    englishnepal bhasa dictionary in amazon   mobile phone nepal bhasa dictionary app   matina international website   miss newa miss best nepal bhasa is one of the categories official website with contestants talking about nepal bhasatht news about using nepal bhasa   nepalmandalcom one of the very few websites in nepal bhasa stating their objectives regarding nepal bhasa   image channel nepal bhasa section  thank you  ,no,0.051068526,6
189,if the indigenous population is so low why do they think they deserve everything,no,0.3250515,1
190,and lewd sex in china,yes,0.5559701,1
191, no more april foold edits by me in the article space   i will not make any more april fools edits in the article space  just in case you never saw it here is my april fools edit from last year,yes,0.4014846,4
192,i absolutely agree with you something is very wrong with my english if you misunderstood me as though i said all haredim regected rabbi hirschs way what i said was actually quite the oppositein the beginning agudat israel was based on the legacy of torah im derech erech afterwards the litvaks changed it but even today there is no dichotomy between agudat israel and rabbi hirschs way,no,0.059727192,1
193, bitch creek cow camp idaho   hey just a heads up i looked into this one and indeed there is a place named bitch creek cow camp wanted to let you know that the folks in idaho need not worry,yes,0.5566829,2
194,  two short stories  the list of works contains something called the mysterious portrait is this the same as the short story the portrait  ,no,0.030506283,0
195,   may 2015   ,no,0.012880214,0
196,well it sucks to have a university to be nicknameless and its the first time in ncaa history that it has happened ,yes,0.45396814,4
197, argh   some random idiot deleted the whole japan article ,yes,0.76197964,2
198, hello   you are an t0tl d0uch3 bg,yes,0.6491204,1
